{"cameraMode":{"drawMode":0,"name":"Shaded","section":"Shading Mode"},"sceneLighting":true,"audioPlay":false,"sceneViewState":{"showFog":true,"showMaterialUpdate":false,"showSkybox":true,"showFlares":true,"showImageEffects":true,"showParticleSystems":true},"in2DMode":false,"pivot":{"x":3.006457805633545,"y":1.473375916481018,"z":-1.7419164180755616},"rotation":{"x":-0.14571170508861543,"y":-0.2017836719751358,"z":0.030372511595487596,"w":-0.9680542349815369},"size":13.608617782592774,"orthographic":false}